col1,col2,col3,col4,col5
id,nt-atom,aa-atom,dist,type
1,1IBL,OP1@A.G9,N@E.GLU122,2.73 po4:backbone
2,1IBL,OP2@A.G9,NZ@E.LYS121,2.65 po4:sidechain:salt-bridge
3,1IBL,OP2@A.A10,NH1@E.ARG126,2.80 po4:sidechain:salt-bridge
4,1IBL,OP1@A.C18,NH1@E.ARG14,2.94 po4:sidechain:salt-bridge
5,1IBL,OP1@A.C18,ND2@E.ASN127,3.01 po4:sidechain
6,1IBL,O3'@A.U17,NH1@E.ARG14,3.32 po4:sidechain
7,1IBL,OP1@A.C19,OG@E.SER125,2.50 po4:sidechain
8,1IBL,OP1@A.C19,ND2@E.ASN130,3.42 po4:sidechain
9,1IBL,OP1@A.G28,NH1@D.ARG76,3.40 po4:sidechain:salt-bridge
10,1IBL,OP1@A.C36,NZ@L.LYS123,2.66 po4:sidechain:salt-bridge
11,1IBL,OP1@A.U37,N@L.LYS124,2.86 po4:backbone
12,1IBL,O3'@A.C36,N@L.LYS124,3.08 po4:backbone
13,1IBL,OP1@A.G44,N@P.LYS12,3.44 po4:backbone
14,1IBL,OP1@A.G102,NH2@T.ARG17,3.35 po4:sidechain:salt-bridge
15,1IBL,OP1@A.C103,NH1@T.ARG17,2.63 po4:sidechain:salt-bridge
16,1IBL,OP2@A.C103,NH1@T.ARG17,2.65 po4:sidechain:salt-bridge
17,1IBL,OP1@A.G104,NZ@T.LYS21,2.94 po4:sidechain:salt-bridge
18,1IBL,OP2@A.G104,NE2@T.GLN18,3.06 po4:sidechain
19,1IBL,OP1@A.G105,NH2@T.ARG22,3.43 po4:sidechain:salt-bridge
20,1IBL,O3'@A.G127,N@Q.PRO2,2.84 po4:backbone
21,1IBL,O3'@A.G128,NZ@Q.LYS3,2.63 po4:sidechain
22,1IBL,OP1@A.A130,NE@Q.ARG63,2.82 po4:sidechain:salt-bridge
23,1IBL,OP1@A.A130,NH2@Q.ARG63,3.10 po4:sidechain:salt-bridge
24,1IBL,OP2@A.A130,NH2@Q.ARG63,3.07 po4:sidechain:salt-bridge
25,1IBL,OP1@A.C132,ND2@T.ASN75,3.15 po4:sidechain
26,1IBL,OP1@A.C176,NZ@T.LYS29,3.01 po4:sidechain:salt-bridge
27,1IBL,OP1@A.C177,NZ@T.LYS65,2.68 po4:sidechain:salt-bridge
28,1IBL,OP2@A.C178,NZ@T.LYS65,2.99 po4:sidechain:salt-bridge
29,1IBL,OP1@A.C187,OG@T.SER82,2.47 po4:sidechain
30,1IBL,OP1@A.C188,NH1@T.ARG86,2.80 po4:sidechain:salt-bridge
31,1IBL,OP1@A.C194,OG@T.SER61,2.50 po4:sidechain
32,1IBL,OP1@A.G236,NZ@Q.LYS40,3.10 po4:sidechain:salt-bridge
33,1IBL,OP1@A.C237,OH@Q.TYR42,3.32 po4:sidechain
34,1IBL,OP2@A.C237,NZ@Q.LYS40,2.94 po4:sidechain:salt-bridge
35,1IBL,O3'@A.G236,OH@Q.TYR42,3.45 po4:sidechain
36,1IBL,OP1@A.G238,NH2@Q.ARG25,3.14 po4:sidechain:salt-bridge
37,1IBL,OP1@A.U253,NZ@Q.LYS67,2.75 po4:sidechain:salt-bridge
38,1IBL,OP2@A.U253,NZ@Q.LYS67,2.72 po4:sidechain:salt-bridge
39,1IBL,OP1@A.G254,OG@Q.SER66,3.26 po4:sidechain
40,1IBL,OP1@A.G255,NZ@Q.LYS69,3.10 po4:sidechain:salt-bridge
41,1IBL,O3'@A.G255,NZ@Q.LYS17,3.01 po4:sidechain
42,1IBL,OP1@A.G259,NZ@T.LYS87,3.03 po4:sidechain:salt-bridge
43,1IBL,OP2@A.G260,NH1@T.ARG83,3.02 po4:sidechain:salt-bridge
44,1IBL,OP2@A.U261,NH2@T.ARG79,2.79 po4:sidechain:salt-bridge
45,1IBL,OP2@A.A262,NH1@T.ARG79,3.61 po4:sidechain:salt-bridge
46,1IBL,OP1@A.A263,NH1@T.ARG79,3.20 po4:sidechain:salt-bridge
47,1IBL,OP2@A.A263,NH1@T.ARG79,2.76 po4:sidechain:salt-bridge
48,1IBL,OP1@A.G276,OG@Q.SER12,2.79 po4:sidechain
49,1IBL,OP1@A.C277,NH2@Q.ARG68,2.57 po4:sidechain:salt-bridge
50,1IBL,OP2@A.C277,NZ@Q.LYS41,2.64 po4:sidechain:salt-bridge
51,1IBL,O3'@A.G276,NH1@Q.ARG68,2.65 po4:sidechain
52,1IBL,OP2@A.G278,NZ@Q.LYS41,2.93 po4:sidechain:salt-bridge
53,1IBL,OP2@A.A279,NH1@Q.ARG91,3.65 po4:sidechain:salt-bridge
54,1IBL,OP2@A.A279,OH@Q.TYR95,2.43 po4:sidechain
55,1IBL,O5'@A.A279,OH@Q.TYR95,3.05 po4:sidechain
56,1IBL,OP1@A.G310,NH1@P.ARG26,3.49 po4:sidechain:salt-bridge
57,1IBL,OP1@A.G310,N@P.LYS31,3.34 po4:backbone
58,1IBL,OP2@A.G310,NZ@P.LYS27,3.02 po4:sidechain:salt-bridge
59,1IBL,OP1@A.C311,NH1@P.ARG26,3.65 po4:sidechain:salt-bridge
60,1IBL,OP1@A.G324,NH1@T.ARG22,3.27 po4:sidechain:salt-bridge
61,1IBL,OP1@A.G324,ND2@T.ASN26,3.48 po4:sidechain
62,1IBL,OP1@A.G324,OG@T.SER70,3.05 po4:sidechain
63,1IBL,OP1@A.A363,N@L.ARG34,2.77 po4:backbone
64,1IBL,OP1@A.A363,OG1@L.THR61,2.88 po4:sidechain
65,1IBL,OP2@A.A363,NE@L.ARG34,3.39 po4:sidechain:salt-bridge
66,1IBL,OP1@A.U375,OG1@P.THR69,2.58 po4:sidechain
67,1IBL,OP1@A.G376,N@P.LEU6,2.96 po4:backbone
68,1IBL,OP1@A.G376,OG1@P.THR67,2.81 po4:sidechain
69,1IBL,OP1@A.G377,NZ@P.LYS3,2.43 po4:sidechain:salt-bridge
70,1IBL,OP1@A.G377,NH1@P.ARG5,2.94 po4:sidechain:salt-bridge
71,1IBL,OP2@A.G377,NZ@P.LYS3,2.93 po4:sidechain:salt-bridge
72,1IBL,OP1@A.G391,NH1@P.ARG28,3.57 po4:sidechain:salt-bridge
73,1IBL,O3'@A.C390,NH2@P.ARG28,2.61 po4:sidechain
74,1IBL,OP1@A.G392,NH2@P.ARG8,3.29 po4:sidechain:salt-bridge
75,1IBL,OP1@A.G392,N@P.HIS13,2.82 po4:backbone
76,1IBL,O3'@A.G391,NH2@P.ARG8,2.82 po4:sidechain
77,1IBL,OP1@A.A393,NE2@P.HIS13,2.89 po4:sidechain:salt-bridge
78,1IBL,OP2@A.A393,NZ@P.LYS12,3.04 po4:sidechain:salt-bridge
79,1IBL,OP1@A.C400,NH2@D.ARG73,3.48 po4:sidechain:salt-bridge
80,1IBL,OP1@A.C401,ND2@D.ASN77,3.36 po4:sidechain
81,1IBL,OP2@A.C401,NE@D.ARG73,3.50 po4:sidechain:salt-bridge
82,1IBL,OP1@A.G402,NE2@D.GLN74,2.69 po4:sidechain
83,1IBL,OP1@A.C403,OG@D.SER137,2.43 po4:sidechain
84,1IBL,OP2@A.C403,NH2@D.ARG3,3.00 po4:sidechain:salt-bridge
85,1IBL,O3'@A.G402,OG@D.SER137,2.89 po4:sidechain
86,1IBL,OP1@A.U404,NE@D.ARG118,3.15 po4:sidechain:salt-bridge
87,1IBL,OP2@A.U404,NH1@D.ARG118,3.52 po4:sidechain:salt-bridge
88,1IBL,OP1@A.A408,OG@D.SER113,2.60 po4:sidechain
89,1IBL,OP1@A.G410,NZ@D.LYS30,2.71 po4:sidechain:salt-bridge
90,1IBL,OP2@A.G410,NE@D.ARG25,2.77 po4:sidechain:salt-bridge
91,1IBL,OP1@A.A411,NZ@D.LYS30,3.33 po4:sidechain:salt-bridge
92,1IBL,OP2@A.A411,NH2@D.ARG25,2.89 po4:sidechain:salt-bridge
93,1IBL,OP1@A.G426,NH2@D.ARG36,2.97 po4:sidechain:salt-bridge
94,1IBL,OP1@A.G426,OH@D.TYR38,2.34 po4:sidechain
95,1IBL,OP1@A.G426,NE2@D.GLN45,3.44 po4:sidechain
96,1IBL,O3'@A.G425,NE2@D.GLN45,3.09 po4:sidechain
97,1IBL,OP1@A.U427,NH2@D.ARG13,2.39 po4:sidechain:salt-bridge
98,1IBL,OP1@A.U427,N@D.GLY41,2.86 po4:backbone
99,1IBL,OP2@A.U427,NH2@D.ARG13,3.35 po4:sidechain:salt-bridge
100,1IBL,OP2@A.U427,NH2@D.ARG36,2.47 po4:sidechain:salt-bridge
101,1IBL,O3'@A.G426,N@D.GLY41,3.29 po4:backbone
102,1IBL,OP2@A.G428,NE@D.ARG10,3.17 po4:sidechain:salt-bridge
103,1IBL,OP2@A.U429,NH1@D.ARG36,2.61 po4:sidechain:salt-bridge
104,1IBL,O3'@A.G428,NH2@D.ARG13,3.45 po4:sidechain
105,1IBL,OP1@A.A430,N@D.VAL8,3.27 po4:backbone
106,1IBL,OP1@A.A430,N@D.CYS9,3.08 po4:backbone
107,1IBL,O3'@A.U429,NZ@D.LYS22,2.85 po4:sidechain
108,1IBL,O3'@A.U437,NE2@D.HIS125,3.26 po4:sidechain
109,1IBL,OP1@A.G450,NZ@P.LYS43,3.05 po4:sidechain:salt-bridge
110,1IBL,OP1@A.A452,NZ@P.LYS43,3.02 po4:sidechain:salt-bridge
111,1IBL,OP2@A.A452,NZ@P.LYS43,3.28 po4:sidechain:salt-bridge
112,1IBL,OP1@A.A463,NH1@P.ARG75,2.91 po4:sidechain:salt-bridge
113,1IBL,OP2@A.G474,NH1@P.ARG75,2.57 po4:sidechain:salt-bridge
114,1IBL,O3'@A.G474,NH2@P.ARG81,3.47 po4:sidechain
115,1IBL,OP2@A.G490,NH2@D.ARG132,2.84 po4:sidechain:salt-bridge
116,1IBL,OP1@A.C501,NH2@L.ARG117,2.82 po4:sidechain:salt-bridge
117,1IBL,OP2@A.C501,NZ@L.LYS124,3.56 po4:sidechain:salt-bridge
118,1IBL,OP1@A.G502,N@L.SER118,2.59 po4:backbone
119,1IBL,OP2@A.G502,O@L.LYS115,3.34 po4:backbone
120,1IBL,OP1@A.C503,NZ@L.LYS119,2.99 po4:sidechain:salt-bridge
121,1IBL,OP2@A.C503,OG@L.SER116,2.67 po4:sidechain
122,1IBL,OP2@A.C508,NH2@D.ARG209,3.37 po4:sidechain:salt-bridge
123,1IBL,OP1@A.A509,OG@D.SER52,2.75 po4:sidechain
124,1IBL,OP2@A.C519,OG@L.SER50,2.57 po4:sidechain
125,1IBL,OP2@A.A520,N@L.LEU52,2.78 po4:backbone
126,1IBL,OP2@A.G521,NZ@L.LYS54,3.13 po4:sidechain:salt-bridge
127,1IBL,OP1@A.C522,N@L.GLY72,2.79 po4:backbone
128,1IBL,OP1@A.C522,OH@L.TYR120,3.81 po4:sidechain
129,1IBL,OP2@A.C522,OH@L.TYR69,2.68 po4:sidechain
130,1IBL,OP2@A.C526,NZ@L.LYS91,3.45 po4:sidechain:salt-bridge
131,1IBL,OP1@A.G537,NH2@L.ARG113,2.36 po4:sidechain:salt-bridge
132,1IBL,OP1@A.G538,N@L.LYS114,2.70 po4:backbone
133,1IBL,OP1@A.G538,N@L.LYS115,2.79 po4:backbone
134,1IBL,OP1@A.G542,NH2@D.ARG10,2.53 po4:sidechain:salt-bridge
135,1IBL,OP1@A.C543,NE@D.ARG14,2.63 po4:sidechain:salt-bridge
136,1IBL,OP2@A.C543,NH1@D.ARG10,3.26 po4:sidechain:salt-bridge
137,1IBL,O3'@A.G542,NH2@D.ARG14,2.63 po4:sidechain
138,1IBL,OP1@A.G544,NH1@D.ARG59,3.23 po4:sidechain:salt-bridge
139,1IBL,OP1@A.G544,NH2@D.ARG59,2.48 po4:sidechain:salt-bridge
140,1IBL,OP2@A.G544,NH2@D.ARG66,2.56 po4:sidechain:salt-bridge
141,1IBL,O3'@A.C543,NH1@D.ARG59,3.37 po4:sidechain
142,1IBL,OP1@A.C545,NZ@D.LYS61,3.15 po4:sidechain:salt-bridge
143,1IBL,OP2@A.C545,NE2@D.GLN62,3.04 po4:sidechain
144,1IBL,OP2@A.C545,NH1@D.ARG65,3.34 po4:sidechain:salt-bridge
145,1IBL,OP1@A.G546,N@D.ARG73,3.30 po4:backbone
146,1IBL,OP2@A.G546,N@D.GLU72,3.04 po4:backbone
147,1IBL,OP2@A.A547,N@D.GLY2,2.86 po4:backbone
148,1IBL,OP2@A.C556,NZ@L.LYS20,2.85 po4:sidechain:salt-bridge
149,1IBL,OP1@A.A559,NH2@E.ARG126,2.61 po4:sidechain:salt-bridge
150,1IBL,OP2@A.A559,NZ@E.LYS121,2.91 po4:sidechain:salt-bridge
151,1IBL,OP1@A.C564,NE@L.ARG15,2.54 po4:sidechain:salt-bridge
152,1IBL,OP1@A.C564,NH2@L.ARG15,3.02 po4:sidechain:salt-bridge
153,1IBL,OP2@A.C564,NH2@L.ARG15,2.91 po4:sidechain:salt-bridge
154,1IBL,O3'@A.G579,NH2@O.ARG54,3.11 po4:sidechain
155,1IBL,OP1@A.G581,NH1@O.ARG65,3.53 po4:sidechain:salt-bridge
156,1IBL,OP1@A.U582,NH1@O.ARG64,2.55 po4:sidechain:salt-bridge
157,1IBL,OP1@A.U582,NH2@O.ARG68,2.87 po4:sidechain:salt-bridge
158,1IBL,O3'@A.G585,NZ@Q.LYS34,2.64 po4:sidechain
159,1IBL,OP1@A.G587,NH2@H.ARG92,3.45 po4:sidechain:salt-bridge
160,1IBL,OP1@A.C590,N@H.ARG30,2.57 po4:backbone
161,1IBL,OP1@A.U591,NE@H.ARG30,3.06 po4:sidechain:salt-bridge
162,1IBL,OP1@A.U591,NH2@H.ARG30,2.93 po4:sidechain:salt-bridge
163,1IBL,OP1@A.C600,N@H.VAL97,2.87 po4:backbone
164,1IBL,OP1@A.A609,NH2@P.ARG18,3.02 po4:sidechain:salt-bridge
165,1IBL,O3'@A.A608,NH1@P.ARG18,3.53 po4:sidechain
166,1IBL,O3'@A.C624,O@P.GLY10,3.24 po4:backbone
167,1IBL,OP1@A.U626,NZ@P.LYS35,3.00 po4:sidechain:salt-bridge
168,1IBL,OP2@A.U626,NH2@P.ARG18,3.68 po4:sidechain:salt-bridge
169,1IBL,OP2@A.G627,NZ@P.LYS35,3.35 po4:sidechain:salt-bridge
170,1IBL,OP1@A.A653,NZ@H.LYS56,2.38 po4:sidechain:salt-bridge
171,1IBL,OP1@A.G658,NZ@O.LYS8,3.05 po4:sidechain:salt-bridge
172,1IBL,OP2@A.U659,NZ@O.LYS8,2.40 po4:sidechain:salt-bridge
173,1IBL,OP1@A.G660,NZ@O.LYS5,2.82 po4:sidechain:salt-bridge
174,1IBL,OP1@A.G664,NH1@R.ARG64,2.52 po4:sidechain:salt-bridge
175,1IBL,O3'@A.A663,NH1@R.ARG64,2.95 po4:sidechain
176,1IBL,OP1@A.U669,NZ@O.LYS48,3.24 po4:sidechain:salt-bridge
177,1IBL,OP1@A.G673,NH1@F.ARG87,3.70 po4:sidechain:salt-bridge
178,1IBL,OP1@A.G674,NH2@F.ARG87,2.62 po4:sidechain:salt-bridge
179,1IBL,O3'@A.G673,NH2@F.ARG87,2.83 po4:sidechain
180,1IBL,OP1@A.C689,ND2@K.ASN27,3.20 po4:sidechain
181,1IBL,OP1@A.C689,OG@K.SER44,2.35 po4:sidechain
182,1IBL,OP1@A.C689,N@K.GLY46,2.68 po4:backbone
183,1IBL,OP2@A.C689,NZ@K.LYS55,3.59 po4:sidechain:salt-bridge
184,1IBL,O3'@A.G688,OG@K.SER44,3.43 po4:sidechain
185,1IBL,OP2@A.G690,ND2@K.ASN27,2.95 po4:sidechain
186,1IBL,OP2@A.G691,ND2@K.ASN26,2.80 po4:sidechain
187,1IBL,O5'@A.G691,ND2@K.ASN26,2.85 po4:sidechain
188,1IBL,OP1@A.U692,NZ@K.LYS124,3.29 po4:sidechain:salt-bridge
189,1IBL,OP2@A.U692,ND2@K.ASN26,2.99 po4:sidechain
190,1IBL,OP1@A.A694,OH@G.TYR85,3.66 po4:sidechain
191,1IBL,OP1@A.A694,OG@K.SER53,2.70 po4:sidechain
192,1IBL,OP2@A.A695,N@K.SER53,2.84 po4:backbone
193,1IBL,OP1@A.C707,NH1@K.ARG85,2.94 po4:sidechain:salt-bridge
194,1IBL,OP1@A.C708,OH@K.TYR20,3.54 po4:sidechain
195,1IBL,OP1@A.C708,NH2@K.ARG85,2.86 po4:sidechain:salt-bridge
196,1IBL,OP1@A.G710,NZ@F.LYS54,3.65 po4:sidechain:salt-bridge
197,1IBL,OP2@A.G711,NZ@F.LYS54,2.55 po4:sidechain:salt-bridge
198,1IBL,O5'@A.G718,ND2@K.ASN117,2.79 po4:sidechain
199,1IBL,OP2@A.G721,N@R.ARG53,3.52 po4:backbone
200,1IBL,OP1@A.A728,NH1@O.ARG54,2.68 po4:sidechain:salt-bridge
201,1IBL,OP1@A.C735,NZ@R.LYS71,3.60 po4:sidechain:salt-bridge
202,1IBL,OP1@A.C736,NE@R.ARG72,2.98 po4:sidechain:salt-bridge
203,1IBL,OP1@A.C736,NH2@R.ARG72,3.37 po4:sidechain:salt-bridge
204,1IBL,OP1@A.A737,N@F.LYS92,2.65 po4:backbone
205,1IBL,OP1@A.C738,OH@F.TYR4,2.96 po4:sidechain
206,1IBL,OP2@A.C738,NZ@F.LYS92,2.59 po4:sidechain:salt-bridge
207,1IBL,OP2@A.C739,NH2@F.ARG2,2.86 po4:sidechain:salt-bridge
208,1IBL,OP2@A.U740,N@O.PRO2,2.96 po4:backbone
209,1IBL,OP1@A.G741,NH2@O.ARG35,3.14 po4:sidechain:salt-bridge
210,1IBL,OP1@A.G742,NH2@O.ARG35,3.14 po4:sidechain:salt-bridge
211,1IBL,OP2@A.G742,NH2@O.ARG35,2.61 po4:sidechain:salt-bridge
212,1IBL,OP1@A.A753,OH@O.TYR69,2.80 po4:sidechain
213,1IBL,O3'@A.G752,OH@O.TYR69,3.29 po4:sidechain
214,1IBL,OP1@A.C754,NH2@O.ARG72,3.17 po4:sidechain:salt-bridge
215,1IBL,O5'@A.C754,NH2@O.ARG72,2.90 po4:sidechain
216,1IBL,OP1@A.A780,N@K.LYS123,2.94 po4:backbone
217,1IBL,OP2@A.C796,NZ@K.LYS123,3.47 po4:sidechain:salt-bridge
218,1IBL,OP2@A.G798,NZ@K.LYS122,3.20 po4:sidechain:salt-bridge
219,1IBL,OP1@A.A807,NZ@O.LYS48,3.62 po4:sidechain:salt-bridge
220,1IBL,OP2@A.C808,NZ@O.LYS48,2.84 po4:sidechain:salt-bridge
221,1IBL,OP1@A.C834,NH1@R.ARG53,3.70 po4:sidechain:salt-bridge
222,1IBL,OP1@A.U835,NH2@R.ARG64,2.29 po4:sidechain:salt-bridge
223,1IBL,O3'@A.C834,NH2@R.ARG64,3.42 po4:sidechain
224,1IBL,OP1@A.G836,NZ@R.LYS61,2.85 po4:sidechain:salt-bridge
225,1IBL,OP1@A.C849,NZ@B.LYS22,3.01 po4:sidechain:salt-bridge
226,1IBL,OP1@A.G861,NH2@H.ARG75,3.42 po4:sidechain:salt-bridge
227,1IBL,O3'@A.A860,NH1@H.ARG75,3.28 po4:sidechain
228,1IBL,OP1@A.C877,NZ@H.LYS88,2.71 po4:sidechain:salt-bridge
229,1IBL,OP1@A.G878,O@H.PRO89,2.46 po4:backbone
230,1IBL,OP1@A.C880,ND2@L.ASN8,2.94 po4:sidechain
231,1IBL,OP1@A.C880,NE@L.ARG12,3.39 po4:sidechain:salt-bridge
232,1IBL,OP2@A.C880,OG1@L.THR6,2.73 po4:sidechain
233,1IBL,OP1@A.G881,NH1@L.ARG12,3.36 po4:sidechain:salt-bridge
234,1IBL,OP1@A.G881,NH2@L.ARG12,3.13 po4:sidechain:salt-bridge
235,1IBL,OP2@A.G881,NE2@L.GLN9,2.70 po4:sidechain
236,1IBL,OP2@A.G881,NH2@L.ARG12,2.42 po4:sidechain:salt-bridge
237,1IBL,OP1@A.C896,NZ@Q.LYS100,3.52 po4:sidechain:salt-bridge
238,1IBL,OP2@A.A909,NZ@L.LYS21,2.63 po4:sidechain:salt-bridge
239,1IBL,OP1@A.C910,NH1@L.ARG97,3.33 po4:sidechain:salt-bridge
240,1IBL,OP1@A.C910,NH2@L.ARG97,3.35 po4:sidechain:salt-bridge
241,1IBL,OP1@A.A913,NZ@L.LYS46,3.17 po4:sidechain:salt-bridge
242,1IBL,O3'@A.C912,NZ@L.LYS46,3.42 po4:sidechain
243,1IBL,OP1@A.G922,NE2@E.GLN20,3.25 po4:sidechain
244,1IBL,OP1@A.G933,NE@G.ARG4,2.86 po4:sidechain:salt-bridge
245,1IBL,O3'@A.C932,NE@G.ARG4,3.04 po4:sidechain
246,1IBL,OP1@A.G939,NH1@G.ARG95,3.06 po4:sidechain:salt-bridge
247,1IBL,OP1@A.G939,NH2@G.ARG95,3.30 po4:sidechain:salt-bridge
248,1IBL,OP1@A.G939,NH1@G.ARG102,2.66 po4:sidechain:salt-bridge
249,1IBL,O3'@A.A938,NH1@G.ARG95,3.35 po4:sidechain
250,1IBL,OP1@A.C940,NZ@G.LYS29,2.95 po4:sidechain:salt-bridge
251,1IBL,OP1@A.C948,N@M.THR109,2.88 po4:backbone
252,1IBL,OP2@A.C948,N@M.ARG108,2.84 po4:backbone
253,1IBL,OP2@A.A949,ND2@M.ASN106,3.03 po4:sidechain
254,1IBL,OP2@A.U950,NE@M.ARG102,2.84 po4:sidechain:salt-bridge
255,1IBL,OP2@A.G951,NH2@M.ARG102,2.83 po4:sidechain:salt-bridge
256,1IBL,OP1@A.U957,NH2@S.ARG81,2.93 po4:sidechain:salt-bridge
257,1IBL,O3'@A.A964,NZ@J.LYS55,3.20 po4:sidechain
258,1IBL,OP1@A.A969,NZ@J.LYS55,2.91 po4:sidechain:salt-bridge
259,1IBL,OP1@A.A974,NH2@N.ARG29,2.86 po4:sidechain:salt-bridge
260,1IBL,OP2@A.A974,NH1@N.ARG29,3.11 po4:sidechain:salt-bridge
261,1IBL,OP2@A.A974,NH2@N.ARG29,2.57 po4:sidechain:salt-bridge
262,1IBL,OP2@A.A974,NH1@N.ARG41,2.52 po4:sidechain:salt-bridge
263,1IBL,OP1@A.G976,N@N.SER32,2.58 po4:backbone
264,1IBL,OP1@A.A977,NH2@N.ARG31,3.64 po4:sidechain:salt-bridge
265,1IBL,OP2@A.U982,NH2@N.ARG23,3.26 po4:sidechain:salt-bridge
266,1IBL,OP1@A.A983,NH2@N.ARG3,3.35 po4:sidechain:salt-bridge
267,1IBL,O5'@A.A983,NH1@N.ARG3,2.92 po4:sidechain
268,1IBL,OP2@A.A1014,NZ@S.LYS18,3.12 po4:sidechain:salt-bridge
269,1IBL,OP1@A.G1047,NZ@N.LYS4,2.72 po4:sidechain:salt-bridge
270,1IBL,OP1@A.G1048,N@N.LYS4,3.13 po4:backbone
271,1IBL,OP1@A.U1056,N@C.ALA163,3.05 po4:backbone
272,1IBL,OP1@A.G1057,N@C.GLY155,3.26 po4:backbone
273,1IBL,OP2@A.C1059,NZ@C.LYS199,2.76 po4:sidechain:salt-bridge
274,1IBL,OP1@A.C1060,NH2@N.ARG45,3.01 po4:sidechain:salt-bridge
275,1IBL,O3'@A.C1059,NH2@N.ARG45,2.94 po4:sidechain
276,1IBL,OP2@A.G1061,O@C.GLY2,3.27 po4:backbone
277,1IBL,OP1@A.U1070,NH1@E.ARG25,2.49 po4:sidechain:salt-bridge
278,1IBL,O3'@A.C1069,NH1@E.ARG25,3.49 po4:sidechain
279,1IBL,OP1@A.C1071,NH2@E.ARG27,3.49 po4:sidechain:salt-bridge
280,1IBL,OP1@A.G1072,NZ@E.LYS57,3.64 po4:sidechain:salt-bridge
281,1IBL,OP2@A.U1073,NZ@E.LYS57,3.03 po4:sidechain:salt-bridge
282,1IBL,OP1@A.G1074,OH@E.TYR60,3.78 po4:sidechain
283,1IBL,OP2@A.G1074,OH@E.TYR61,2.74 po4:sidechain
284,1IBL,O3'@A.G1079,NH2@E.ARG14,2.82 po4:sidechain
285,1IBL,O3'@A.A1080,OG1@E.THR16,2.47 po4:sidechain
286,1IBL,OP1@A.A1092,NH2@G.ARG5,3.67 po4:sidechain:salt-bridge
287,1IBL,O3'@A.A1092,NH2@G.ARG4,2.90 po4:sidechain
288,1IBL,OP2@A.G1099,OH@B.TYR148,3.73 po4:sidechain
289,1IBL,OP1@A.C1107,N@C.VAL173,2.68 po4:backbone
290,1IBL,OP1@A.G1108,ND1@C.HIS176,3.19 po4:sidechain:salt-bridge
291,1IBL,OP2@A.G1108,N@C.LEU175,3.37 po4:backbone
292,1IBL,OP1@A.C1109,NE2@C.HIS176,3.12 po4:sidechain:salt-bridge
293,1IBL,OP1@A.C1118,NE@I.ARG104,2.99 po4:sidechain:salt-bridge
294,1IBL,OP2@A.C1119,NH2@I.ARG9,2.86 po4:sidechain:salt-bridge
295,1IBL,O3'@A.C1118,NH2@I.ARG83,2.74 po4:sidechain
296,1IBL,O3'@A.A1123,O@J.SER35,2.98 po4:backbone
297,1IBL,OP1@A.C1128,NH2@I.ARG66,2.96 po4:sidechain:salt-bridge
298,1IBL,OP1@A.C1129,OH@I.TYR62,2.82 po4:sidechain
299,1IBL,OP2@A.A1130,NH2@I.ARG20,3.04 po4:sidechain:salt-bridge
300,1IBL,O5'@A.A1130,NH2@I.ARG20,3.17 po4:sidechain
301,1IBL,O3'@A.A1130,NH2@I.ARG20,2.79 po4:sidechain
302,1IBL,OP1@A.U1148,OG1@I.THR7,2.79 po4:sidechain
303,1IBL,O3'@A.C1147,OH@I.TYR5,3.03 po4:sidechain
304,1IBL,OP1@A.C1149,NH1@I.ARG9,2.80 po4:sidechain:salt-bridge
305,1IBL,OP2@A.C1149,NH1@I.ARG9,2.84 po4:sidechain:salt-bridge
306,1IBL,OP1@A.A1151,N@J.THR42,2.92 po4:backbone
307,1IBL,OP1@A.A1152,ND1@J.HIS68,2.86 po4:sidechain:salt-bridge
308,1IBL,OP1@A.C1153,NE2@J.HIS13,2.76 po4:sidechain:salt-bridge
309,1IBL,O3'@A.A1152,NE2@J.HIS13,2.63 po4:sidechain
310,1IBL,OP1@A.G1178,NZ@I.LYS97,2.73 po4:sidechain:salt-bridge
311,1IBL,OP2@A.G1178,NZ@I.LYS97,2.62 po4:sidechain:salt-bridge
312,1IBL,OP1@A.A1180,OG1@I.THR103,2.66 po4:sidechain
313,1IBL,OP1@A.C1189,NH2@J.ARG51,2.38 po4:sidechain:salt-bridge
314,1IBL,OP2@A.C1189,NH2@J.ARG51,2.84 po4:sidechain:salt-bridge
315,1IBL,O3'@A.A1188,NZ@N.LYS58,3.02 po4:sidechain
316,1IBL,OP1@A.G1190,N@C.ILE5,2.64 po4:backbone
317,1IBL,OP2@A.A1191,ND2@C.ASN3,2.63 po4:sidechain
318,1IBL,O3'@A.G1190,ND2@C.ASN3,2.72 po4:sidechain
319,1IBL,OP1@A.C1192,NZ@C.LYS4,2.75 po4:sidechain:salt-bridge
320,1IBL,OP1@A.U1205,NH2@C.ARG190,3.71 po4:sidechain:salt-bridge
321,1IBL,OP1@A.G1206,NH2@C.ARG190,3.88 po4:sidechain:salt-bridge
322,1IBL,O3'@A.G1206,O@C.THR192,2.96 po4:backbone
323,1IBL,OP1@A.G1216,NE@N.ARG3,3.20 po4:sidechain:salt-bridge
324,1IBL,OP1@A.U1219,NH1@N.ARG19,3.11 po4:sidechain:salt-bridge
325,1IBL,OP1@A.U1219,NH2@N.ARG19,2.92 po4:sidechain:salt-bridge
326,1IBL,OP2@A.U1219,NH1@N.ARG19,2.93 po4:sidechain:salt-bridge
327,1IBL,OP2@A.G1221,NH2@S.ARG37,2.57 po4:sidechain:salt-bridge
328,1IBL,OP1@A.G1222,OG1@S.THR77,3.36 po4:sidechain
329,1IBL,O3'@A.G1221,OG1@S.THR77,2.53 po4:sidechain
330,1IBL,OP2@A.C1223,NH1@S.ARG78,2.57 po4:sidechain:salt-bridge
331,1IBL,O3'@A.G1222,NH1@S.ARG78,2.87 po4:sidechain
332,1IBL,OP1@A.A1225,N@M.THR103,3.10 po4:backbone
333,1IBL,OP1@A.C1226,NH1@M.ARG91,2.66 po4:sidechain:salt-bridge
334,1IBL,OP2@A.C1226,NH2@M.ARG91,3.24 po4:sidechain:salt-bridge
335,1IBL,OP2@A.C1226,OG1@M.THR103,2.93 po4:sidechain
336,1IBL,OP1@A.C1228,NH2@M.ARG108,2.88 po4:sidechain:salt-bridge
337,1IBL,OP1@A.C1228,N@M.LYS115,2.79 po4:backbone
338,1IBL,OP2@A.C1228,NH1@M.ARG108,2.98 po4:sidechain:salt-bridge
339,1IBL,OP2@A.C1228,NZ@M.LYS111,3.26 po4:sidechain:salt-bridge
340,1IBL,OP1@A.A1229,OG1@M.THR116,2.63 po4:sidechain
341,1IBL,OP1@A.U1232,NE2@I.GLN124,2.94 po4:sidechain
342,1IBL,OP1@A.G1233,NE2@I.HIS117,2.70 po4:sidechain:salt-bridge
343,1IBL,OP1@A.G1233,N@I.GLN124,3.11 po4:backbone
344,1IBL,OP1@A.A1236,N@V.LYS3,2.88 po4:backbone
345,1IBL,OP1@A.U1240,NH1@G.ARG119,3.35 po4:sidechain:salt-bridge
346,1IBL,OP1@A.U1240,NH2@G.ARG119,2.96 po4:sidechain:salt-bridge
347,1IBL,OP2@A.U1240,N@G.ALA116,2.79 po4:backbone
348,1IBL,OP1@A.G1241,NZ@G.LYS35,3.41 po4:sidechain:salt-bridge
349,1IBL,OP1@A.C1242,NH1@V.ARG10,2.85 po4:sidechain:salt-bridge
350,1IBL,OP2@A.C1242,NH2@V.ARG10,3.80 po4:sidechain:salt-bridge
351,1IBL,OP1@A.C1244,N@V.ARG9,3.26 po4:backbone
352,1IBL,OP1@A.A1250,N@I.GLY67,2.87 po4:backbone
353,1IBL,O3'@A.A1250,N@I.GLY68,3.13 po4:backbone
354,1IBL,OP1@A.A1269,NH1@V.ARG24,2.65 po4:sidechain:salt-bridge
355,1IBL,OP2@A.C1270,NH2@V.ARG24,2.76 po4:sidechain:salt-bridge
356,1IBL,OP1@A.A1279,NH2@J.ARG9,3.21 po4:sidechain:salt-bridge
357,1IBL,OP2@A.A1285,OH@V.TYR18,3.04 po4:sidechain
358,1IBL,OP1@A.A1289,NE@V.ARG10,3.97 po4:sidechain:salt-bridge
359,1IBL,OP1@A.G1290,NZ@G.LYS35,3.54 po4:sidechain:salt-bridge
360,1IBL,OP2@A.U1292,NH1@G.ARG41,2.74 po4:sidechain:salt-bridge
361,1IBL,OP2@A.U1292,NH2@G.ARG41,2.55 po4:sidechain:salt-bridge
362,1IBL,O3'@A.G1291,NH2@G.ARG41,2.79 po4:sidechain
363,1IBL,OP2@A.C1297,NH1@M.ARG44,3.76 po4:sidechain:salt-bridge
364,1IBL,OP2@A.C1298,NH2@G.ARG114,2.56 po4:sidechain:salt-bridge
365,1IBL,OP2@A.U1302,NZ@M.LYS13,3.58 po4:sidechain:salt-bridge
366,1IBL,OP2@A.U1302,OH@M.TYR21,3.23 po4:sidechain
367,1IBL,OP1@A.G1304,N@V.GLY2,3.14 po4:backbone
368,1IBL,OP1@A.G1305,N@V.GLY2,2.63 po4:backbone
369,1IBL,OP1@A.G1305,N@V.GLY4,3.20 po4:backbone
370,1IBL,OP1@A.U1307,NE2@M.GLN101,2.62 po4:sidechain
371,1IBL,OP1@A.U1308,N@M.VAL98,2.59 po4:backbone
372,1IBL,OP2@A.U1308,NE2@M.GLN101,3.37 po4:sidechain
373,1IBL,OP1@A.G1309,NE2@M.HIS92,2.66 po4:sidechain:salt-bridge
374,1IBL,OP2@A.G1309,NE@M.ARG99,2.90 po4:sidechain:salt-bridge
375,1IBL,OP2@A.G1309,NH2@M.ARG99,2.63 po4:sidechain:salt-bridge
376,1IBL,OP1@A.G1310,NH2@M.ARG80,2.54 po4:sidechain:salt-bridge
377,1IBL,OP2@A.G1310,NH1@M.ARG88,3.84 po4:sidechain:salt-bridge
378,1IBL,OP2@A.U1315,NZ@S.LYS6,2.53 po4:sidechain:salt-bridge
379,1IBL,OP1@A.C1317,N@N.VAL18,3.99 po4:backbone
380,1IBL,OP1@A.A1319,NZ@S.LYS70,3.24 po4:sidechain:salt-bridge
381,1IBL,OP1@A.C1320,NZ@S.LYS70,2.81 po4:sidechain:salt-bridge
382,1IBL,OP1@A.C1322,NH2@S.ARG78,2.52 po4:sidechain:salt-bridge
383,1IBL,O3'@A.C1321,NH2@S.ARG78,3.16 po4:sidechain
384,1IBL,OP1@A.C1325,NE@V.ARG15,2.96 po4:sidechain:salt-bridge
385,1IBL,OP2@A.C1325,NH2@V.ARG15,3.22 po4:sidechain:salt-bridge
386,1IBL,OP1@A.C1326,NZ@V.LYS12,2.67 po4:sidechain:salt-bridge
387,1IBL,OP1@A.C1326,OG1@V.THR17,2.48 po4:sidechain
388,1IBL,O5'@A.C1326,NZ@V.LYS12,3.04 po4:sidechain
389,1IBL,OP1@A.C1327,N@V.LYS20,2.70 po4:backbone
390,1IBL,OP1@A.C1327,N@V.TYR21,3.39 po4:backbone
391,1IBL,OP2@A.C1327,NZ@V.LYS12,3.24 po4:sidechain:salt-bridge
392,1IBL,OP1@A.C1328,NZ@V.LYS20,2.77 po4:sidechain:salt-bridge
393,1IBL,OP1@A.C1328,OH@V.TYR21,2.35 po4:sidechain
394,1IBL,OP2@A.C1328,OH@V.TYR21,2.61 po4:sidechain
395,1IBL,OP1@A.A1329,O@M.GLY26,2.69 po4:backbone
396,1IBL,OP1@A.A1329,N@M.ARG29,3.09 po4:backbone
397,1IBL,OP1@A.U1330,O@M.TYR23,2.11 po4:backbone
398,1IBL,OP1@A.G1343,OH@I.TYR125,3.58 po4:sidechain
399,1IBL,OP1@A.C1344,NZ@I.LYS116,3.33 po4:sidechain:salt-bridge
400,1IBL,OP1@A.U1345,NH1@I.ARG120,2.56 po4:sidechain:salt-bridge
401,1IBL,OP1@A.A1346,NH1@I.ARG120,2.55 po4:sidechain:salt-bridge
402,1IBL,OP1@A.U1348,N@I.GLU110,2.79 po4:backbone
403,1IBL,O3'@A.G1347,N@I.GLU110,3.26 po4:backbone
404,1IBL,OP1@A.A1349,NZ@I.LYS118,2.74 po4:sidechain:salt-bridge
405,1IBL,OP1@A.A1349,N@I.ARG120,3.50 po4:backbone
406,1IBL,OP1@A.A1349,N@I.ARG121,2.66 po4:backbone
407,1IBL,OP2@A.A1349,NZ@I.LYS118,2.63 po4:sidechain:salt-bridge
408,1IBL,OP2@A.A1350,NZ@I.LYS118,3.43 po4:sidechain:salt-bridge
409,1IBL,OP1@A.C1352,NZ@V.LYS3,2.50 po4:sidechain:salt-bridge
410,1IBL,OP2@A.G1353,NZ@V.LYS3,3.34 po4:sidechain:salt-bridge
411,1IBL,OP1@A.C1359,OG1@N.THR22,2.83 po4:sidechain
412,1IBL,OP2@A.A1360,NH2@N.ARG35,3.19 po4:sidechain:salt-bridge
413,1IBL,OP1@A.C1367,N@I.GLY115,2.51 po4:backbone
414,1IBL,OP1@A.C1367,NH1@J.ARG60,3.66 po4:sidechain:salt-bridge
415,1IBL,OP2@A.C1367,NZ@I.LYS112,2.53 po4:sidechain:salt-bridge
416,1IBL,O5'@A.C1367,NZ@I.LYS112,3.38 po4:sidechain
417,1IBL,OP1@A.G1368,NE@I.ARG111,3.51 po4:sidechain:salt-bridge
418,1IBL,OP2@A.G1368,NZ@I.LYS112,3.31 po4:sidechain:salt-bridge
419,1IBL,O3'@A.C1367,NE2@J.HIS62,3.50 po4:sidechain
420,1IBL,OP1@A.C1369,NE1@N.TRP61,2.97 po4:sidechain
421,1IBL,OP2@A.C1369,N@I.LYS112,2.78 po4:backbone
422,1IBL,O3'@A.G1368,NE1@N.TRP61,3.20 po4:sidechain
423,1IBL,OP1@A.G1371,O@I.LYS11,2.46 po4:backbone
424,1IBL,OP1@A.U1372,N@I.SER71,3.05 po4:backbone
425,1IBL,OP1@A.U1372,N@I.GLY72,2.74 po4:backbone
426,1IBL,OP2@A.U1372,NZ@I.LYS11,3.20 po4:sidechain:salt-bridge
427,1IBL,OP2@A.G1373,OG@I.SER71,2.60 po4:sidechain
428,1IBL,OP1@A.A1374,NZ@G.LYS36,3.04 po4:sidechain:salt-bridge
429,1IBL,OP1@A.U1376,OG@G.SER98,2.84 po4:sidechain
430,1IBL,OP2@A.U1376,NH2@G.ARG94,3.17 po4:sidechain:salt-bridge
431,1IBL,OP2@A.A1377,NE@G.ARG94,2.99 po4:sidechain:salt-bridge
432,1IBL,OP2@A.A1377,NH2@G.ARG94,2.87 po4:sidechain:salt-bridge
433,1IBL,OP1@A.G1379,NH1@G.ARG6,2.64 po4:sidechain:salt-bridge
434,1IBL,OP1@A.G1379,NH2@G.ARG6,2.93 po4:sidechain:salt-bridge
435,1IBL,OP2@A.C1397,NH2@E.ARG24,3.70 po4:sidechain:salt-bridge
436,1IBL,OP1@A.U1436,NH2@T.ARG23,3.67 po4:sidechain:salt-bridge
437,1IBL,OP2@A.G1438,NZ@T.LYS34,3.49 po4:sidechain:salt-bridge
438,1IBL,OP1@A.C1439,NZ@T.LYS38,2.67 po4:sidechain:salt-bridge
439,1IBL,OP2@A.C1439,NZ@T.LYS38,2.58 po4:sidechain:salt-bridge
440,1IBL,OP1@A.G1454,NZ@T.LYS39,3.29 po4:sidechain:salt-bridge
441,1IBL,O3'@A.G1453,NZ@T.LYS39,3.47 po4:sidechain
442,1IBL,OP1@A.G1455,OG1@T.THR35,2.64 po4:sidechain
443,1IBL,OP1@A.C1459,OG@T.SER31,2.88 po4:sidechain
444,1IBL,OP1@A.A1460,NZ@T.LYS27,2.86 po4:sidechain:salt-bridge
445,1IBL,OP1@A.G1523,NZ@K.LYS123,3.03 po4:sidechain:salt-bridge
446,1IBL,OP1@A.C1524,NH1@K.ARG120,2.63 po4:sidechain:salt-bridge
447,1IBL,OP1@A.G1525,NH2@K.ARG120,2.57 po4:sidechain:salt-bridge
448,1IBL,OP2@A.G1525,NH2@K.ARG120,3.03 po4:sidechain:salt-bridge
id,nt-atom,aa-atom,dist,type
1,1IBL,O2'@A.G7,O@E.THR120,2.36 sugar:backbone
2,1IBL,O2'@A.A8,O@D.ARG209,3.50 sugar:backbone
3,1IBL,O4'@A.G15,NH1@E.ARG24,3.28 sugar:sidechain
4,1IBL,O2'@A.A16,OG1@E.THR16,3.18 sugar:sidechain
5,1IBL,O2'@A.G35,O@L.SER118,2.35 sugar:backbone
6,1IBL,O2'@A.C36,NH2@L.ARG117,2.62 sugar:sidechain
7,1IBL,O2'@A.C110,O@P.ARG25,2.59 sugar:backbone
8,1IBL,O2'@A.G127,N@Q.PRO2,2.62 sugar:backbone
9,1IBL,O2'@A.G128,NZ@Q.LYS3,2.81 sugar:sidechain
10,1IBL,O2'@A.C136,O@P.GLY63,2.84 sugar:backbone
11,1IBL,O2'@A.C136,OE1@P.GLN65,2.61 sugar:sidechain
12,1IBL,O2'@A.C137,O@P.SER61,3.29 sugar:backbone
13,1IBL,O2'@A.C187,NE@T.ARG89,2.76 sugar:sidechain
14,1IBL,O2'@A.U190^E,NH2@Q.ARG63,2.63 sugar:sidechain
15,1IBL,O2'@A.G191,O@T.GLY101,2.91 sugar:backbone
16,1IBL,O2'@A.G191,O@T.GLY102,2.34 sugar:backbone
17,1IBL,O4'@A.U192,O@T.GLY102,2.93 sugar:backbone
18,1IBL,O4'@A.U192,O@T.GLY103,3.19 sugar:backbone
19,1IBL,O2'@A.U192,OE2@T.GLU60,2.50 sugar:sidechain
20,1IBL,O2'@A.C193,OD2@T.ASP64,2.72 sugar:sidechain
21,1IBL,O2'@A.C194,NZ@T.LYS68,3.14 sugar:sidechain
22,1IBL,O4'@A.A195,NZ@T.LYS68,3.22 sugar:sidechain
23,1IBL,O2'@A.U229,OD2@P.ASP23,2.64 sugar:sidechain
24,1IBL,O4'@A.G230,NH2@P.ARG25,3.26 sugar:sidechain
25,1IBL,O2'@A.C241,NH2@L.ARG19,2.75 sugar:sidechain
26,1IBL,O2'@A.G254,O@Q.GLN16,2.79 sugar:backbone
27,1IBL,O2'@A.G254,OG1@Q.THR18,3.32 sugar:sidechain
28,1IBL,O2'@A.A262,ND2@T.ASN75,2.86 sugar:sidechain
29,1IBL,O2'@A.U264,O@Q.PRO64,2.80 sugar:backbone
30,1IBL,O2'@A.G276,NH1@Q.ARG68,2.94 sugar:sidechain
31,1IBL,O2'@A.G310,NZ@P.LYS31,3.05 sugar:sidechain
32,1IBL,O2'@A.G333,NE2@T.HIS16,3.15 sugar:sidechain
33,1IBL,O2'@A.C390,NH2@P.ARG28,2.54 sugar:sidechain
34,1IBL,O2'@A.C403,NH1@D.ARG122,2.95 sugar:sidechain
35,1IBL,O2'@A.G407,NE2@D.GLN116,3.45 sugar:sidechain
36,1IBL,O2'@A.C418,NE2@D.GLN42,3.92 sugar:sidechain
37,1IBL,O2'@A.U429,NZ@D.LYS22,2.59 sugar:sidechain
38,1IBL,O2'@A.C435,OE1@D.GLU156,3.12 sugar:sidechain
39,1IBL,O2'@A.U437,NE2@D.HIS125,2.98 sugar:sidechain
40,1IBL,O4'@A.A463,NE2@P.GLN82,2.45 sugar:sidechain
41,1IBL,O2'@A.A463,N@P.GLN82,3.06 sugar:backbone
42,1IBL,O2'@A.A463,OE2@P.GLU83,2.68 sugar:sidechain
43,1IBL,O2'@A.U512,OE1@D.GLN42,3.31 sugar:sidechain
44,1IBL,O2'@A.A520,OE2@L.GLU73,2.75 sugar:sidechain
45,1IBL,O2'@A.G541,N@D.GLN42,3.26 sugar:backbone
46,1IBL,O2'@A.U552,O@L.PRO31,2.68 sugar:backbone
47,1IBL,O2'@A.U552,O@L.ARG86,2.95 sugar:backbone
48,1IBL,O2'@A.A553,O@L.GLY29,2.57 sugar:backbone
49,1IBL,O2'@A.C564,NH2@H.ARG91,2.78 sugar:sidechain
50,1IBL,O2'@A.G579,NE@O.ARG54,3.43 sugar:sidechain
51,1IBL,O2'@A.U582,ND2@Q.ASN94,2.78 sugar:sidechain
52,1IBL,O4'@A.A583,ND2@Q.ASN94,3.36 sugar:sidechain
53,1IBL,O2'@A.G585,NZ@Q.LYS34,3.17 sugar:sidechain
54,1IBL,O2'@A.C599,N@H.GLY130,3.27 sugar:backbone
55,1IBL,O2'@A.C624,ND2@P.ASN14,3.12 sugar:sidechain
56,1IBL,O2'@A.A642,OG@H.SER113,2.56 sugar:sidechain
57,1IBL,O4'@A.C643,OG@H.SER113,3.45 sugar:sidechain
58,1IBL,O2'@A.C643,OE1@H.GLU132,2.90 sugar:sidechain
59,1IBL,O2'@A.G654,N@H.MET1,3.28 sugar:backbone
60,1IBL,O2'@A.C656,OE1@O.GLN28,2.47 sugar:sidechain
61,1IBL,O2'@A.G657,O@O.THR22,3.14 sugar:backbone
62,1IBL,O2'@A.G667,OD1@O.ASP49,2.62 sugar:sidechain
63,1IBL,O4'@A.U669,NE2@O.HIS46,3.81 sugar:sidechain
64,1IBL,O2'@A.A675,O@K.VAL114,2.58 sugar:backbone
65,1IBL,O2'@A.A684,O@K.PRO39,2.59 sugar:backbone
66,1IBL,O4'@A.U686,NE1@K.TRP42,2.90 sugar:sidechain
67,1IBL,O2'@A.A706,OG1@K.THR31,2.67 sugar:sidechain
68,1IBL,O2'@A.C707,O@K.GLY37,2.70 sugar:backbone
69,1IBL,O2'@A.A716,O@K.ASN117,3.03 sugar:backbone
70,1IBL,O4'@A.G718,ND2@K.ASN117,3.02 sugar:sidechain
71,1IBL,O2'@A.C719,O@R.ILE50,2.57 sugar:backbone
72,1IBL,O2'@A.C720,NE2@R.GLN63,3.00 sugar:sidechain
73,1IBL,O2'@A.C736,O@F.VAL90,3.00 sugar:backbone
74,1IBL,O2'@A.A737,ND2@F.ASN73,2.74 sugar:sidechain
75,1IBL,O2'@A.C739,ND1@O.HIS42,2.63 sugar:sidechain
76,1IBL,O2'@A.U740,OG@O.SER52,2.99 sugar:sidechain
77,1IBL,O2'@A.G741,O@O.HIS51,3.72 sugar:backbone
78,1IBL,O4'@A.G750,OG1@O.THR22,3.55 sugar:sidechain
79,1IBL,O2'@A.G750,OD2@O.ASP21,2.97 sugar:sidechain
80,1IBL,O2'@A.G750,N@O.GLY23,2.99 sugar:backbone
81,1IBL,O2'@A.U751,OG1@O.THR25,3.55 sugar:sidechain
82,1IBL,O2'@A.G760,N@Q.GLY103,2.98 sugar:backbone
83,1IBL,O2'@A.G761,O@Q.GLY103,3.17 sugar:backbone
84,1IBL,O2'@A.G778,O@K.ARG120,2.89 sugar:backbone
85,1IBL,O2'@A.G825,OD1@H.ASP8,2.99 sugar:sidechain
86,1IBL,O2'@A.C826,ND2@H.ASN15,2.87 sugar:sidechain
87,1IBL,O2'@A.G829,NE1@B.TRP24,3.39 sugar:sidechain
88,1IBL,O2'@A.C875,NH1@H.ARG14,2.97 sugar:sidechain
89,1IBL,O2'@A.C875,OD1@H.ASN15,3.09 sugar:sidechain
90,1IBL,O2'@A.G876,OG1@H.THR11,3.20 sugar:sidechain
91,1IBL,O2'@A.C877,OG1@H.THR3,2.46 sugar:sidechain
92,1IBL,O4'@A.G878,OG1@H.THR3,2.74 sugar:sidechain
93,1IBL,O2'@A.U921,N@E.MET19,2.82 sugar:backbone
94,1IBL,O2'@A.U921,O@E.MET19,2.54 sugar:backbone
95,1IBL,O2'@A.U943,NE2@I.GLN124,3.57 sugar:sidechain
96,1IBL,O4'@A.U956,NE2@S.HIS83,3.84 sugar:sidechain
97,1IBL,O2'@A.U956,O@S.THR79,3.89 sugar:backbone
98,1IBL,O2'@A.A964,NZ@J.LYS55,2.64 sugar:sidechain
99,1IBL,O2'@A.G966,O@I.LYS127,3.73 sugar:backbone
100,1IBL,O4'@A.G973,N@J.LYS55,2.67 sugar:backbone
101,1IBL,O2'@A.G973,NH2@N.ARG29,3.21 sugar:sidechain
102,1IBL,O2'@A.C980,O@N.ARG19,2.93 sugar:backbone
103,1IBL,O2'@A.A986,O@S.LYS55,3.16 sugar:backbone
104,1IBL,O2'@A.A1055,O@C.GLU161,2.73 sugar:backbone
105,1IBL,O2'@A.C1059,O@J.ARG51,3.31 sugar:backbone
106,1IBL,O4'@A.G1061,ND1@J.HIS56,2.80 sugar:sidechain
107,1IBL,O2'@A.U1073,OD1@B.ASN104,2.57 sugar:sidechain
108,1IBL,O2'@A.U1078,OD1@E.ASN130,2.65 sugar:sidechain
109,1IBL,O2'@A.G1079,NH2@E.ARG14,2.84 sugar:sidechain
110,1IBL,O2'@A.A1102,O@B.GLY99,3.15 sugar:backbone
111,1IBL,O2'@A.C1114,O@N.SER60,2.97 sugar:backbone
112,1IBL,O2'@A.C1115,O@N.TRP61,3.65 sugar:backbone
113,1IBL,O2'@A.G1117,O@I.ARG104,3.68 sugar:backbone
114,1IBL,O2'@A.G1127,NH2@I.ARG16,2.51 sugar:sidechain
115,1IBL,O2'@A.A1130,NE2@I.GLN3,3.57 sugar:sidechain
116,1IBL,O2'@A.C1147,OH@I.TYR5,2.59 sugar:sidechain
117,1IBL,O4'@A.U1148,NE@I.ARG16,3.52 sugar:sidechain
118,1IBL,O2'@A.A1179,N@I.ARG104,3.56 sugar:backbone
119,1IBL,O2'@A.G1186,NZ@I.LYS113,2.81 sugar:sidechain
120,1IBL,O2'@A.G1187,NH1@I.ARG111,3.11 sugar:sidechain
121,1IBL,O2'@A.G1187,N@N.TRP61,3.60 sugar:backbone
122,1IBL,O2'@A.A1188,NZ@N.LYS58,3.18 sugar:sidechain
123,1IBL,O2'@A.G1193,NH2@E.ARG25,3.85 sugar:sidechain
124,1IBL,O2'@A.U1205,N@C.VAL195,3.85 sugar:backbone
125,1IBL,O4'@A.G1206,N@C.GLY194,3.27 sugar:backbone
126,1IBL,O2'@A.G1224,NH2@S.ARG78,2.68 sugar:sidechain
127,1IBL,O2'@A.C1226,ND1@S.HIS83,3.14 sugar:sidechain
128,1IBL,O2'@A.A1227,O@M.LYS115,2.69 sugar:backbone
129,1IBL,O2'@A.C1228,N@M.VAL117,3.28 sugar:backbone
130,1IBL,O2'@A.A1239,O@G.ARG114,3.12 sugar:backbone
131,1IBL,O4'@A.A1250,O@I.GLY68,2.98 sugar:backbone
132,1IBL,O2'@A.U1307,NE@M.ARG110,3.77 sugar:sidechain
133,1IBL,O2'@A.G1309,ND2@M.ASN77,2.99 sugar:sidechain
134,1IBL,O2'@A.C1342,N@I.TYR125,3.86 sugar:backbone
135,1IBL,O2'@A.G1343,NH1@I.ARG121,3.48 sugar:sidechain
136,1IBL,O2'@A.G1343,N@I.ALA122,3.62 sugar:backbone
137,1IBL,O4'@A.G1347,NH1@I.ARG107,3.34 sugar:sidechain
138,1IBL,O2'@A.C1366,NH1@J.ARG60,3.12 sugar:sidechain
139,1IBL,O2'@A.C1366,NH2@J.ARG60,3.02 sugar:sidechain
140,1IBL,O2'@A.C1367,OG1@J.THR48,3.52 sugar:sidechain
141,1IBL,O2'@A.A1375,NZ@G.LYS29,2.99 sugar:sidechain
id,nt-atom,aa-atom,dist,type
1,1IBL,O6@A.G6,N@E.ALA95,2.72 base:backbone
2,1IBL,N1@A.G6,OG1@E.THR98,3.08 base:sidechain
3,1IBL,N2@A.G6,OG1@E.THR98,3.24 base:sidechain
4,1IBL,N7@A.G7,NZ@E.LYS92,3.37 base:sidechain
5,1IBL,N6@A.A8,O@D.GLU205,2.61 base:backbone
6,1IBL,N7@A.G9,NH2@E.ARG126,2.98 base:sidechain
7,1IBL,N2@A.G15,O@E.ALA17,2.94 base:backbone
8,1IBL,N3@A.A26,NH1@D.ARG209,3.40 base:sidechain
9,1IBL,N2@A.G35,OG@L.SER118,2.66 base:sidechain
10,1IBL,N3@A.G35,OG@L.SER118,2.70 base:sidechain
11,1IBL,N7@A.G104,NZ@T.LYS14,2.67 base:sidechain
12,1IBL,O6@A.G104,NZ@T.LYS14,3.08 base:sidechain
13,1IBL,N7@A.G107,NH2@T.ARG15,2.96 base:sidechain
14,1IBL,O6@A.G107,NE@T.ARG15,2.84 base:sidechain
15,1IBL,N2@A.G127,OE1@Q.GLU61,2.57 base:sidechain
16,1IBL,N3@A.C135,N@P.MET1,3.15 base:backbone
17,1IBL,N3@A.A185,NZ@T.LYS81,2.68 base:sidechain
18,1IBL,O2@A.C187,N@T.SER105,2.78 base:backbone
19,1IBL,O2@A.C187,OG@T.SER105,2.73 base:sidechain
20,1IBL,N3@A.C187,OG@T.SER105,2.64 base:sidechain
21,1IBL,O4@A.U190^E,N@Q.ARG63,2.94 base:backbone
22,1IBL,N2@A.G191,O@T.GLY103,2.60 base:backbone
23,1IBL,O2@A.U192,OE1@T.GLU60,2.55 base:sidechain
24,1IBL,N2@A.G227,O@P.VAL62,3.10 base:backbone
25,1IBL,N2@A.G254,NE2@Q.GLN16,2.75 base:sidechain
26,1IBL,N7@A.G260,NH2@T.ARG83,3.14 base:sidechain
27,1IBL,O6@A.G260,NH2@T.ARG83,3.28 base:sidechain
28,1IBL,O4@A.U261,NH2@T.ARG83,3.34 base:sidechain
29,1IBL,O2@A.C280,N@Q.SER39,3.00 base:backbone
30,1IBL,N3@A.C280,OG@Q.SER39,3.16 base:sidechain
31,1IBL,N7@A.A363,NH2@L.ARG33,3.41 base:sidechain
32,1IBL,N6@A.A364,NZ@L.LYS28,2.58 base:sidechain
33,1IBL,O2@A.U375,NE@P.ARG28,2.82 base:sidechain
34,1IBL,O2@A.U375,NH2@P.ARG28,3.07 base:sidechain
35,1IBL,O4@A.U405,N@D.GLY2,2.86 base:backbone
36,1IBL,N2@A.G406,OE1@D.GLN119,3.76 base:sidechain
37,1IBL,O4@A.U421,NE@C.ARG127,3.85 base:sidechain
38,1IBL,O2@A.U437,NE2@D.HIS123,3.58 base:sidechain
39,1IBL,O2@A.C449,NH1@P.ARG42,3.95 base:sidechain
40,1IBL,N6@A.A496,NE2@D.GLN119,3.21 base:sidechain
41,1IBL,O2@A.C511,NE2@D.HIS43,3.12 base:sidechain
42,1IBL,N7@A.G521,NH2@L.ARG53,3.06 base:sidechain
43,1IBL,O6@A.G521,NH2@L.ARG53,2.97 base:sidechain
44,1IBL,N4@A.C522,OD2@L.ASP92,3.69 base:sidechain
45,1IBL,O6@A.G527,OD1@L.ASN49,2.66 base:sidechain
46,1IBL,N4@A.C528,OD1@L.ASN49,2.82 base:sidechain
47,1IBL,O6@A.G529,N@L.SER50,2.85 base:backbone
48,1IBL,N1@A.G529,O@L.SER50,2.78 base:backbone
49,1IBL,N7@A.A532,NH2@C.ARG156,2.94 base:sidechain
50,1IBL,N6@A.A532,O@C.GLY159,2.53 base:backbone
51,1IBL,N7@A.A539,NZ@L.LYS115,3.41 base:sidechain
52,1IBL,O2@A.C562,N@L.GLU16,2.71 base:backbone
53,1IBL,N4@A.C562,OE1@L.GLU16,3.54 base:sidechain
54,1IBL,N7@A.G567,NH2@L.ARG15,3.19 base:sidechain
55,1IBL,O6@A.G567,NH1@L.ARG15,2.87 base:sidechain
56,1IBL,O6@A.G568,N@L.PRO5,3.02 base:backbone
57,1IBL,N2@A.G597,OH@H.TYR94,3.03 base:sidechain
58,1IBL,O2@A.U619,N@D.ASP134,2.98 base:backbone
59,1IBL,N3@A.U619,OD1@D.ASP134,2.70 base:sidechain
60,1IBL,O2@A.C620,OG@D.SER137,3.87 base:sidechain
61,1IBL,N3@A.A642,OG@H.SER113,2.84 base:sidechain
62,1IBL,O2@A.C656,NE2@O.GLN28,3.82 base:sidechain
63,1IBL,N2@A.G657,OG1@O.THR22,3.07 base:sidechain
64,1IBL,N2@A.G666,OG@O.SER52,3.56 base:sidechain
65,1IBL,N2@A.G667,OD2@O.ASP49,2.93 base:sidechain
66,1IBL,N3@A.A675,N@K.HIS116,3.00 base:backbone
67,1IBL,N2@A.G683,ND2@K.ASN38,3.14 base:sidechain
68,1IBL,O6@A.G690,NZ@K.LYS55,3.15 base:sidechain
69,1IBL,O6@A.G691,NZ@K.LYS55,3.14 base:sidechain
70,1IBL,O4@A.U692,O@K.GLY52,3.14 base:backbone
71,1IBL,N3@A.A716,O@K.ASN117,2.54 base:backbone
72,1IBL,O6@A.G718,NH1@R.ARG74,2.72 base:sidechain
73,1IBL,N1@A.G718,O@R.PHE81,2.72 base:backbone
74,1IBL,N2@A.G718,O@R.PHE81,2.72 base:backbone
75,1IBL,O2@A.C719,N@R.ILE50,2.60 base:backbone
76,1IBL,O2@A.C719,NH2@R.ARG74,2.81 base:sidechain
77,1IBL,N3@A.C719,NH1@R.ARG74,2.78 base:sidechain
78,1IBL,O2@A.C720,NZ@R.LYS71,2.84 base:sidechain
79,1IBL,O6@A.G730,NE2@O.HIS51,2.97 base:sidechain
80,1IBL,N3@A.A737,OD1@F.ASN73,3.35 base:sidechain
81,1IBL,N2@A.G750,O@O.GLY23,2.91 base:backbone
82,1IBL,N1@A.G760,O@Q.LYS104,2.65 base:backbone
83,1IBL,O2@A.C826,ND2@H.ASN15,2.76 base:sidechain
84,1IBL,O2@A.C875,ND2@H.ASN15,3.06 base:sidechain
85,1IBL,N7@A.G881,NE2@L.GLN9,3.25 base:sidechain
86,1IBL,O4@A.U884,NH1@L.ARG15,3.67 base:sidechain
87,1IBL,N7@A.G933,NE@G.ARG3,2.93 base:sidechain
88,1IBL,O6@A.G933,NH2@G.ARG3,2.73 base:sidechain
89,1IBL,N2@A.G942,OE1@I.GLN124,3.37 base:sidechain
90,1IBL,N7@A.A949,ND2@M.ASN106,2.78 base:sidechain
91,1IBL,O4@A.U950,OG1@M.THR105,2.76 base:sidechain
92,1IBL,O6@A.G954,NE@M.ARG104,2.95 base:sidechain
93,1IBL,O6@A.G954,NH2@M.ARG104,2.64 base:sidechain
94,1IBL,O2@A.U955,NE2@S.HIS83,3.47 base:sidechain
95,1IBL,N6@A.A958,O@S.ASN53,3.60 base:backbone
96,1IBL,N6@A.A958,O@S.THR77,3.21 base:backbone
97,1IBL,O2@A.C979,NE@N.ARG19,2.59 base:sidechain
98,1IBL,N3@A.A986,OH@S.TYR52,2.76 base:sidechain
99,1IBL,O2@A.C995,NZ@N.LYS4,3.83 base:sidechain
100,1IBL,O4@A.U1062,N@C.GLY2,3.73 base:backbone
101,1IBL,O2@A.U1073,ND2@B.ASN104,3.07 base:sidechain
102,1IBL,O6@A.G1077,NZ@E.LYS47,2.68 base:sidechain
103,1IBL,O2@A.U1078,ND2@E.ASN130,3.15 base:sidechain
104,1IBL,N6@A.A1111,O@C.HIS176,2.91 base:backbone
105,1IBL,N3@A.C1112,N@C.LEU178,2.84 base:backbone
106,1IBL,N4@A.C1112,O@C.HIS176,3.21 base:backbone
107,1IBL,O2@A.U1125,NH2@J.ARG5,2.66 base:sidechain
108,1IBL,N3@A.U1125,NH2@J.ARG5,2.66 base:sidechain
109,1IBL,O4@A.U1125,NE@J.ARG5,2.81 base:sidechain
110,1IBL,O2@A.C1147,NH1@I.ARG16,3.09 base:sidechain
111,1IBL,N2@A.G1186,O@N.TRP61,3.30 base:backbone
112,1IBL,N2@A.G1187,OG@N.SER60,3.41 base:sidechain
113,1IBL,O2@A.C1192,NH2@E.ARG25,2.96 base:sidechain
114,1IBL,N1@A.G1202,OE2@N.GLU46,3.19 base:sidechain
115,1IBL,N2@A.G1202,OE1@N.GLU46,3.57 base:sidechain
116,1IBL,N2@A.G1220,O@S.GLY54,3.18 base:backbone
117,1IBL,N4@A.C1228,O@M.ARG104,3.00 base:backbone
118,1IBL,N3@A.U1240,O@G.ILE30,2.86 base:backbone
119,1IBL,O4@A.U1240,ND2@G.ASN109,2.58 base:sidechain
120,1IBL,N7@A.G1255,NH1@J.ARG43,3.23 base:sidechain
121,1IBL,O6@A.G1255,NH2@J.ARG43,2.76 base:sidechain
122,1IBL,N7@A.A1256,NZ@C.LYS27,3.64 base:sidechain
123,1IBL,O2@A.C1267,NZ@V.LYS20,2.75 base:sidechain
124,1IBL,N2@A.G1290,NZ@I.LYS70,2.95 base:sidechain
125,1IBL,N7@A.G1309,NH2@M.ARG99,2.98 base:sidechain
126,1IBL,N7@A.G1312,O@S.ARG3,2.65 base:backbone
127,1IBL,O4@A.U1313,OG@S.SER4,2.59 base:sidechain
128,1IBL,N4@A.C1314,OG@S.SER4,3.24 base:sidechain
129,1IBL,O2@A.C1320,NH1@S.ARG36,2.62 base:sidechain
130,1IBL,N3@A.C1320,NH1@S.ARG36,2.82 base:sidechain
131,1IBL,N4@A.C1320,NE@S.ARG37,2.98 base:sidechain
132,1IBL,O2@A.C1321,NH1@S.ARG36,3.00 base:sidechain
133,1IBL,O2@A.C1321,OG1@S.THR77,3.37 base:sidechain
134,1IBL,N4@A.C1321,NH1@S.ARG37,2.73 base:sidechain
135,1IBL,N4@A.C1328,NH2@V.ARG6,3.34 base:sidechain
136,1IBL,N7@A.A1329,NH2@V.ARG7,2.89 base:sidechain
137,1IBL,O6@A.G1347,NH2@I.ARG10,2.90 base:sidechain
138,1IBL,O2@A.U1372,O@G.GLY34,3.01 base:backbone
139,1IBL,N7@A.G1373,NZ@I.LYS11,3.10 base:sidechain
140,1IBL,O6@A.G1373,NZ@I.LYS11,2.79 base:sidechain
141,1IBL,O4@A.U1376,NH2@G.ARG10,3.28 base:sidechain
142,1IBL,O2@A.C1378,NH2@G.ARG76,2.71 base:sidechain
143,1IBL,O6@A.G1379,N@G.ALA2,3.60 base:backbone
144,1IBL,O4@A.U1380,O@G.ALA2,3.08 base:backbone
145,1IBL,N6@A.A1398,O@E.GLN20,2.93 base:backbone
146,1IBL,N6@A.A1492,OG@L.SER50,2.78 base:sidechain
